{
  "real_world": {
    "Sun": {
      "mu": 1.32712440018e20, "radius": 696340000, "a": 0, "e": 0, "phase": 0,
      "moons": {}
    },
    "Mercury": {
      "mu": 2.2032e13, "radius": 2439700, "a": 57909050000, "e": 0.2056, "phase": 3.05,
      "moons": {}
    },
    "Venus": {
      "mu": 3.24859e14, "radius": 6051800, "a": 108208000000, "e": 0.0067, "phase": 0.88,
      "moons": {}
    },
    "Earth": {
      "mu": 3.986004418e14, "radius": 6371000, "a": 149597870700, "e": 0.0167, "phase": 0,
      "moons": {
        "Moon": { "mu": 4.9048695e12, "radius": 1737400, "a": 384399000, "e": 0.0549, "phase": 0.0 }
      }
    },
    "Mars": {
      "mu": 4.282837e13, "radius": 3389500, "a": 227939200000, "e": 0.0934, "phase": 0.33,
      "moons": {
        "Phobos": { "mu": 708700.0, "radius": 11267, "a": 9376000, "e": 0.0151, "phase": 0.0 },
        "Deimos": { "mu": 96200.0, "radius": 6200, "a": 234632000, "e": 0.0003, "phase": 0.0 }
      }
    },
    "Ceres": {
      "mu": 6.268e10, "radius": 469730, "a": 413690250000, "e": 0.0758, "phase": 1.23,
      "moons": {}
    },
    "Jupiter": {
      "mu": 1.26686534e17, "radius": 69911000, "a": 778570000000, "e": 0.0489, "phase": 0.35,
      "moons": {
        "Io": { "mu": 5.959916e15, "radius": 1821600, "a": 421700000, "e": 0.0041, "phase": 0.0 },
        "Europa": { "mu": 3.202739e15, "radius": 1560800, "a": 670900000, "e": 0.009, "phase": 0.0 },
        "Ganymede": { "mu": 9.887834e15, "radius": 2634100, "a": 1070400000, "e": 0.0013, "phase": 0.0 },
        "Callisto": { "mu": 7.179289e15, "radius": 2410300, "a": 1882700000, "e": 0.0074, "phase": 0.0 }
      }
    },
    "Saturn": {
      "mu": 3.7931187e16, "radius": 58232000, "a": 1433530000000, "e": 0.0565, "phase": 5.59,
      "moons": {
        "Mimas": { "mu": 2.5295e12, "radius": 198200, "a": 185539000, "e": 0.0202, "phase": 0.0 },
        "Rhea": { "mu": 1.542e14, "radius": 763800, "a": 527108000, "e": 0.0012, "phase": 0.0 },
        "Titan": { "mu": 8.9319e15, "radius": 2574700, "a": 1221870000, "e": 0.0288, "phase": 0.0 },
        "Iapetus": { "mu": 1.205e14, "radius": 734500, "a": 3560820000, "e": 0.0286, "phase": 0.0 },
        "Phoebe": { "mu": 5.53e11, "radius": 106500, "a": 12947740000, "e": 0.1635, "phase": 0.0 }
      }
    },
    "Uranus": {
      "mu": 5.793939e15, "radius": 25362000, "a": 2872460000000, "e": 0.0463, "phase": 2.48,
      "moons": {
        "Miranda": { "mu": 4.4e12, "radius": 235800, "a": 129390000, "e": 0.0013, "phase": 0.0 },
        "Umbriel": { "mu": 7.82e13, "radius": 584700, "a": 265970000, "e": 0.0039, "phase": 0.0 },
        "Titania": { "mu": 2.343e14, "radius": 788400, "a": 435910000, "e": 0.0011, "phase": 0.0 },
        "Oberon": { "mu": 2.011e14, "radius": 761400, "a": 583520000, "e": 0.0014, "phase": 0.0 }
      }
    },
    "Neptune": {
      "mu": 6.836529e15, "radius": 24622000, "a": 4495060000000, "e": 0.0094, "phase": 4.68,
      "moons": {
        "Despina": { "mu": 1.4e11, "radius": 75000, "a": 52526000, "e": 0.0002, "phase": 0.0 },
        "Proteus": { "mu": 3.3e12, "radius": 210000, "a": 117647000, "e": 0.0005, "phase": 0.0 },
        "Triton": { "mu": 1.428e15, "radius": 1353400, "a": 354759000, "e": 0.0, "phase": 0.0 },
        "Nereid": { "mu": 2.1e12, "radius": 170000, "a": 5513810000, "e": 0.7512, "phase": 0.0 }
      }
    },
    "Pluto": {
      "mu": 8.696e11, "radius": 1188300, "a": 5906380000000, "e": 0.2488, "phase": 0.20,
      "moons": {
        "Charon": { "mu": 1.058e11, "radius": 606000, "a": 19591000, "e": 0.0, "phase": 0.0 }
      }
    }
  },
  "ksp": {
    "Sun": {
      "mu": 1.1723328e18, "radius": 261600000, "a": 0, "e": 0, "phase": 0,
      "moons": {}
    },
    "Moho": {
      "mu": 1.6860938e11, "radius": 250000, "a": 5263135116, "e": 0.32, "phase": 3.14,
      "moons": {}
    },
    "Eve": {
      "mu": 5.405e12, "radius": 700000, "a": 9832684544, "e": 0.01, "phase": 3.14,
      "moons": {
        "Gilly": { "mu": 82894.498, "radius": 13000, "a": 31500000, "e": 0.55, "phase": 0.9 }
      }
    },
    "Kerbin": {
      "mu": 3.5316e12, "radius": 600000, "a": 13599840256, "e": 0.0, "phase": 3.14,
      "moons": {
        "Mun": { "mu": 6.5138398e10, "radius": 200000, "a": 12000000, "e": 0.0, "phase": 1.7 },
        "Minmus": { "mu": 1.7658e9, "radius": 60000, "a": 47000000, "e": 0.0, "phase": 0.9 }
      }
    },
    "Duna": {
      "mu": 3.0138e11, "radius": 320000, "a": 20726155264, "e": 0.05, "phase": 3.14,
      "moons": {
        "Ike": { "mu": 1.8568369e10, "radius": 130000, "a": 3200000, "e": 0.03, "phase": 1.7 }
      }
    },
    "Dres": {
      "mu": 2.1484489e10, "radius": 138000, "a": 40839348203, "e": 0.15, "phase": 3.14,
      "moons": {}
    },
    "Jool": {
      "mu": 2.82528e14, "radius": 6000000, "a": 68773560320, "e": 0.05, "phase": 0.1,
      "moons": {
        "Laythe": { "mu": 1.962e12, "radius": 500000, "a": 27184000, "e": 0.0, "phase": 3.14 },
        "Vall": { "mu": 2.074815e11, "radius": 300000, "a": 43152000, "e": 0.0, "phase": 0.9 },
        "Tylo": { "mu": 2.82528e12, "radius": 600000, "a": 68500000, "e": 0.0, "phase": 0.0 },
        "Bop": { "mu": 2.4868349e9, "radius": 65000, "a": 128500000, "e": 0.24, "phase": 0.9 },
        "Pol": { "mu": 7.2170208e8, "radius": 44000, "a": 179890000, "e": 0.17, "phase": 0.9 }
      }
    },
    "Eeloo": {
      "mu": 7.4410815e10, "radius": 210000, "a": 90118820000, "e": 0.26, "phase": 3.14,
      "moons": {}
    }
  },
  "ksp_opm": {
    "Sun": {
      "mu": 1.1723328e18, "radius": 261600000, "a": 0, "e": 0, "phase": 0,
      "moons": {}
    },
    "Moho": {
      "mu": 1.6860938e11, "radius": 250000, "a": 5263135116, "e": 0.32, "phase": 3.14,
      "moons": {}
    },
    "Eve": {
      "mu": 5.405e12, "radius": 700000, "a": 9832684544, "e": 0.01, "phase": 3.14,
      "moons": {
        "Gilly": { "mu": 82894.498, "radius": 13000, "a": 31500000, "e": 0.55, "phase": 0.9 }
      }
    },
    "Kerbin": {
      "mu": 3.5316e12, "radius": 600000, "a": 13599840256, "e": 0.0, "phase": 3.14,
      "moons": {
        "Mun": { "mu": 6.5138398e10, "radius": 200000, "a": 12000000, "e": 0.0, "phase": 1.7 },
        "Minmus": { "mu": 1.7658e9, "radius": 60000, "a": 47000000, "e": 0.0, "phase": 0.9 }
      }
    },
    "Duna": {
      "mu": 3.0138e11, "radius": 320000, "a": 20726155264, "e": 0.05, "phase": 3.14,
      "moons": {
        "Ike": { "mu": 1.8568369e10, "radius": 130000, "a": 3200000, "e": 0.03, "phase": 1.7 }
      }
    },
    "Dres": {
      "mu": 2.1484489e10, "radius": 138000, "a": 40839348203, "e": 0.15, "phase": 3.14,
      "moons": {}
    },
    "Jool": {
      "mu": 2.82528e14, "radius": 6000000, "a": 68773560320, "e": 0.05, "phase": 0.1,
      "moons": {
        "Laythe": { "mu": 1.962e12, "radius": 500000, "a": 27184000, "e": 0.0, "phase": 3.14 },
        "Vall": { "mu": 2.074815e11, "radius": 300000, "a": 43152000, "e": 0.0, "phase": 0.9 },
        "Tylo": { "mu": 2.82528e12, "radius": 600000, "a": 68500000, "e": 0.0, "phase": 0.0 },
        "Bop": { "mu": 2.4868349e9, "radius": 65000, "a": 128500000, "e": 0.24, "phase": 0.9 },
        "Pol": { "mu": 7.2170208e8, "radius": 44000, "a": 179890000, "e": 0.17, "phase": 0.9 }
      }
    },
    "Sarnus": {
      "mu": 3.4341022e13, "radius": 5300000, "a": 125798522368, "e": 0.053, "phase": 2.2,
      "moons": {
        "Hale": { "mu": 124055.53, "radius": 6000, "a": 9100000, "e": 0.0, "phase": 0.0 },
        "Ovok": { "mu": 16457198.0, "radius": 27000, "a": 13600000, "e": 0.0, "phase": 1.2 },
        "Eeloo": { "mu": 7.4410815e10, "radius": 210000, "a": 19105978, "e": 0.003, "phase": 2.9 },
        "Slate": { "mu": 1.7658e11, "radius": 285000, "a": 42592946, "e": 0.001, "phase": 4.2 },
        "Tekto": { "mu": 2.3175811e11, "radius": 280000, "a": 92104115, "e": 0.031, "phase": 5.7 }
      }
    },
    "Urlum": {
      "mu": 5.391211e12, "radius": 2750000, "a": 251597044736, "e": 0.047, "phase": 4.9,